mean_fit_time,std_fit_time,mean_score_time,std_score_time,param_clf__max_depth,params,split0_test_score,split1_test_score,split2_test_score,mean_test_score,std_test_score,rank_test_score,model_name,param_clf__weights
0.748846689860026,0.03666884387382603,0.017229715983072918,0.0023822209076431997,5,{'clf__max_depth': 5},0.9303721488595439,0.9439616421935869,0.9595808383233532,0.9446382097921613,0.011933990470776916,1,gb,
0.29271499315897626,0.025485308163283784,0.023414214452107746,0.0027323949882459616,5,{'clf__max_depth': 5},0.8638665475126601,0.890020976925382,0.8975885680261982,0.8838253641547468,0.014447211497531622,1,rf,
0.008813222249348959,0.0014149584920343209,0.0761583646138509,0.004868238992845422,,{'clf__weights': 'uniform'},0.7892376681614349,0.8135038667459845,0.8082314345362362,0.8036576564812186,0.010421186199552658,1,knc,uniform
