mean_fit_time,std_fit_time,mean_score_time,std_score_time,param_clf__max_depth,params,split0_test_score,split1_test_score,split2_test_score,mean_test_score,std_test_score,rank_test_score,model_name,param_clf__weights
0.4447232087453206,0.00566158493103266,0.04435229301452637,0.009300787943799911,5,{'clf__max_depth': 5},0.864326093424576,0.8870967741935484,0.9007134363852555,0.8840454346677933,0.015010944598538849,1,rf,
0.009785016377766928,0.0006851832046130045,0.09251109759012859,0.011778054424802925,,{'clf__weights': 'uniform'},0.7892376681614349,0.8135038667459845,0.8082314345362362,0.8036576564812186,0.010421186199552658,1,knc,uniform
